{
  "benchmark_info": {
    "iterations": 50,
    "timestamp": "20250527_115138",
    "test_date": "2025-05-27T11:51:57+07:00"
  },
  "statistics": {
    "static_app": {
      "avg": 0.018792205099999997,
      "min": 0.016888644,
      "max": 0.023719241,
      "count": 50
    },
    "vault_app": {
      "avg": 0.030005623899999997,
      "min": 0.025321014,
      "max": 0.042258230,
      "count": 50
    },
    "overhead": {
      "absolute_seconds": {
        "avg": 0.011213418799999996,
        "min": 0.007723878,
        "max": 0.023242868
      },
      "percentage": {
        "avg": 59.8,
        "min": 32.00,
        "max": 122.00
      }
    },
    "rotation_efficiency": {
      "avg": 0.078295627,
      "min": 0.074234117,
      "max": 0.082271379,
      "count": 5
    }
  },
  "recommendations": {
    "acceptable_overhead_threshold": "< 50%",
    "performance_grade": "C - Acceptable"
  }
}
