{
  "benchmark_info": {
    "iterations": 100,
    "timestamp": "20250602_202447",
    "test_date": "2025-06-02T20:25:16+07:00"
  },
  "statistics": {
    "static_app": {
      "avg": 0.018352180600000004,
      "min": 0.016979882,
      "max": 0.023263155,
      "count": 100
    },
    "vault_app": {
      "avg": 0.02796271892,
      "min": 0.025530073,
      "max": 0.033609449,
      "count": 100
    },
    "overhead": {
      "absolute_seconds": {
        "avg": 0.00961053832,
        "min": 0.007518389,
        "max": 0.012218613
      },
      "percentage": {
        "avg": 52.04,
        "min": 39.00,
        "max": 68.00
      }
    },
    "rotation_efficiency": {
      "avg": 0.0736096257,
      "min": 0.072479306,
      "max": 0.076302082,
      "count": 10
    }
  },
  "recommendations": {
    "acceptable_overhead_threshold": "< 50%",
    "performance_grade": "C - Acceptable"
  }
}
