{
  "benchmark_info": {
    "iterations": 50,
    "timestamp": "20250526_222246",
    "test_date": "2025-05-26T22:23:06+07:00"
  },
  "statistics": {
    "static_app": {
      "avg": 0.018387227479999997,
      "min": 0.017196029,
      "max": 0.021413401,
      "count": 50
    },
    "vault_app": {
      "avg": 0.029777890520000003,
      "min": 0.027088452,
      "max": 0.052103185,
      "count": 50
    },
    "overhead": {
      "absolute_seconds": {
        "avg": 0.011390663039999997,
        "min": 0.008408494,
        "max": 0.032601596
      },
      "percentage": {
        "avg": 61.46,
        "min": 39.00,
        "max": 167.00
      }
    },
    "rotation_efficiency": {
      "avg": 0.0750558076,
      "min": 0.073003721,
      "max": 0.080195785,
      "count": 5
    }
  },
  "recommendations": {
    "acceptable_overhead_threshold": "< 50%",
    "performance_grade": "C - Acceptable"
  }
}
