{
    "benchmark_info": {
        "iterations": 50,
        "timestamp": "20250526_194243",
        "test_date": "2025-05-26T19:43:01+07:00"
    },
    "statistics": {
            "static_app": {
  "avg": 0.01840733896,
  "min": 0.017332848,
  "max": 0.020559385,
  "count": 50
},
        "vault_app": {
  "avg": 0.02862999386,
  "min": 0.026018143,
  "max": 0.040706614,
  "count": 50
},
        "overhead": {
            "absolute_seconds": {
  "avg": 0.010222654900000001,
  "min": 0.007050902,
  "max": 0.021834624
},
            "percentage": {
  "avg": 55.2,
  "min": 35.00,
  "max": 115.00
}
        }
    },
    "recommendations": {
        "acceptable_overhead_threshold": "< 50%",
        "performance_grade": "C - Acceptable"
    }
}
